sumRanks	accuracyRank	speedRank	method	numTests	yearPublished	H5	citations	hindex	mindex	version	commits	contributors	relAge	relCites
1.170	0.570	0.599	abyss	21	2009	125	951	57	2.19	2.24	5475	29	0.46	0.02
0.250	0.250	0.000	adtex	1	2014	74	74	46	1.59	2	NA	NA	1.00	0.00
1.851	0.872	0.979	angle	1	NA	NA	NA	NA	NA	1	NA	NA	NA	NA
1.000	0.750	0.250	antepiseeker	1	2010	44	115	NA	NA	2	31	1	0.60	0.00
1.700	0.950	0.750	apg	5	2008	63	317	24	1.85	1	NA	NA	0.88	0.27
1.864	0.955	0.909	arriba	1	NA	NA	NA	NA	NA	1	374	1.2	NA	NA
0.276	0.092	0.184	asgenseng	1	2015	219	16	NA	NA	1	NA	NA	0.78	0.00
0.591	0.591	0.000	baliphy	2	2006	125	255	80	3.48	3.5	14775	5	0.46	0.02
1.333	1.000	0.333	barry	1	1987	37	224	NA	NA	1	NA	NA	0.18	0.38
0.643	0.143	0.500	batalign	1	2015	219	9	65	2.41	1	NA	NA	0.78	0.00
0.929	0.357	0.571	bellerophontes	2	2012	125	38	17	1.42	1	NA	NA	0.20	0.00
0.667	0.167	0.500	bfast	1	2009	175	645	51	1.65	1	1310	4	0.13	0.01
1.111	0.444	0.667	bfc	1	2015	125	127	53	3.31	1	166	1	0.72	0.15
1.390	0.559	0.831	bicseq	2	2011	228	214	101	5.05	1	NA	NA	0.34	0.16
0.667	0.111	0.556	binpacker	1	2016	84	86	24	1.09	1	NA	NA	0.67	0.01
1.250	1.000	0.250	bismark	1	2011	125	2049	33	3.00	0.223	740	9	0.89	1.00
0.958	0.458	0.500	bismarkbowtiela	2	2011	125	2280	36	3.27	1.23	805	10	0.52	0.57
1.083	0.417	0.667	bismarkbowtielb	2	2011	125	2280	36	3.27	1.23	805	10	0.61	0.67
0.625	0.458	0.167	bismarkbowtielc	2	2011	125	2280	36	3.27	1.23	805	10	0.73	0.80
0.750	0.750	0.000	biss	1	2012	175	28	68	2.13	1	NA	NA	1.00	0.00
1.100	1.000	0.100	blastmegan	1	NA	NA	NA	NA	NA	1	NA	NA	NA	NA
1.778	1.000	0.778	bless	1	2014	125	139	41	2.41	1	NA	NA	0.66	0.14
1.500	0.750	0.750	blue	1	2014	125	66	20	0.95	1	NA	NA	0.38	0.61
0.500	0.250	0.250	bmp	1	2014	32	176	13	1.30	1	NA	NA	0.33	0.00
2.000	1.000	1.000	boost	1	2010	85	449	30	0.77	1	NA	NA	0.75	1.00
1.309	0.514	0.795	bowtie	9	2009	114	16949	29	2.64	1.3	2201	12	0.17	0.53
1.200	0.800	0.400	bowtiestar	1	2009	114	16949	29	2.64	1.3	2201	12	0.40	0.40
1.306	0.417	0.889	bratbw	3	2010	125	71	NA	NA	1	NA	NA	0.35	0.00
1.307	0.323	0.985	breakdancer	2	2009	151	1295	NA	NA	1.36	622	11	0.06	0.90
0.367	0.245	0.122	breakseek	1	2015	219	14	39	2.29	1	NA	NA	0.78	0.00
0.878	0.000	0.878	breakseq	1	2010	154	199	174	6.00	2	73	2	0.20	0.13
0.778	0.444	0.333	bridger	1	2015	114	210	4	0.67	1.4	NA	NA	0.56	0.02
1.417	0.500	0.917	bsmap	3	2009	63	646	74	3.89	1	NA	NA	0.00	0.31
1.667	1.000	0.667	bsmooth	1	2012	114	452	83	2.52	1	27	1	0.74	0.03
0.500	0.000	0.500	bsseeker	1	2010	63	226	76	2.05	2.18	64	3	0.58	0.04
1.214	0.571	0.643	buckycon	1	2010	125	364	NA	NA	1	NA	NA	1.00	0.13
1.000	1.000	0.000	buckymrbayes	1	2010	125	364	NA	NA	1	NA	NA	0.50	0.17
1.000	0.800	0.200	buckymrbayesspa	1	2010	125	364	NA	NA	1	NA	NA	0.60	0.20
1.357	0.714	0.643	buckypop	1	2010	125	364	NA	NA	1	NA	NA	1.00	0.13
1.000	0.600	0.400	buckyraxml	1	2010	125	364	NA	NA	1	NA	NA	0.75	0.25
0.889	0.333	0.556	builder	1	1994	84	546	44	1.42	1	NA	NA	0.12	0.01
1.036	0.672	0.364	bwa	7	2009	125	24863	135	3.97	0.717	931	23	0.22	1.00
1.571	0.857	0.714	bwamem	1	2009	125	26851	135	3.97	0.717	931	23	0.00	1.00
1.000	0.714	0.286	bwapssm	1	2014	63	47	77	2.33	1.511	585	5	0.71	0.00
1.115	0.385	0.731	bwasw	1	2010	125	6706	135	3.97	0.717	931	23	0.42	0.24
0.213	0.064	0.149	calista	1	2019	NA	4	29	1.45	1	259	1	0.82	0.00
1.589	1.000	0.589	caml	2	2006	62	90	45	1.32	1	NA	NA	0.17	0.00
1.000	0.500	0.500	camp	1	2001	62	187	54	1.93	1	NA	NA	0.88	0.10
0.500	0.500	0.000	canu	1	2017	91	1980	45	2.50	2.1	10169	20	0.33	0.86
1.556	0.556	1.000	canvas	2	2016	125	67	NA	NA	1.4001613	1876	8	0.78	0.03
0.833	0.833	0.000	carma	2	2008	219	443	46	1.35	3	6	2	0.42	0.07
0.300	0.000	0.300	casdesigner	1	2015	125	146	66	2.44	1	NA	NA	0.25	0.19
1.000	0.600	0.400	ce	1	1998	NA	2365	73	1.46	1	NA	NA	0.71	0.26
0.747	0.572	0.175	celera	20	2008	125	547	NA	NA	1	NA	NA	0.34	0.00
0.660	0.213	0.447	cellrouter	1	2018	273	41	144	4.65	1	79	2	0.59	0.19
0.532	0.298	0.234	celltrails	1	2018	128	10	51	1.59	1	158	5	0.61	0.03
0.213	0.085	0.128	celltreegibbs	1	2016	63	38	44	1.69	1	NA	NA	0.20	0.14
0.936	0.617	0.319	celltreemaptpx	1	2016	63	38	44	1.69	1	NA	NA	0.20	0.12
0.936	0.426	0.511	celltreevem	1	2016	63	38	44	1.69	1	NA	NA	0.21	0.10
1.333	0.667	0.667	cg	2	2018	18	19	54	1.46	6.8	3817	19	0.75	0.00
0.591	0.227	0.364	chimerascan	1	2011	125	247	47	2.47	1	301	1	0.07	0.37
1.227	0.818	0.409	chimpipe	1	2017	74	14	23	1.53	1.96	313	2	0.96	0.01
0.833	0.500	0.333	chisquare	2	2000	NA	7993	121	3.36	1	NA	NA	0.00	1.00
1.500	0.700	0.800	chopchop	1	2014	219	674	32	2.46	1	NA	NA	0.00	0.98
1.440	0.772	0.668	clark	8	2015	74	349	49	2.45	1	NA	NA	0.93	0.28
0.600	0.200	0.400	clarks	1	2015	74	349	49	2.45	1	NA	NA	0.79	0.17
1.569	0.591	0.978	clc	20	NA	NA	NA	NA	NA	1	NA	NA	NA	NA
0.673	0.398	0.276	clever	1	2012	125	89	27	1.93	1	NA	NA	0.43	0.05
1.045	0.318	0.727	clustal	2	2011	58	9477	68	2.06	1.24	NA	NA	1.00	1.00
0.826	0.361	0.465	clustalomega	2	2011	58	8937	68	2.06	1.24	1	1	0.94	0.54
0.760	0.194	0.566	clustalw	4	1994	219	88177	68	2.06	1	NA	NA	0.00	0.89
1.356	0.467	0.889	cnmops	5	2012	219	310	40	1.38	1	51	2	0.18	0.33
0.667	0.667	0.000	cnvkit	2	2016	84	438	NA	NA	1.97	1531	20	0.83	0.76
0.909	0.405	0.504	cnvnator	4	2011	91	1010	172	5.93	1.41	165	13	0.27	0.76
1.188	0.938	0.250	cnvnorm	1	2012	125	160	16	0.94	1	NA	NA	0.89	0.01
0.750	0.625	0.125	cnvseq	1	2009	63	531	NA	NA	1	NA	NA	0.00	0.29
0.722	0.111	0.611	colormap	2	2016	125	40	29	1.38	1	11	1	0.67	0.03
1.000	0.167	0.833	combat	1	2007	25	4150	62	3.10	1	NA	NA	0.17	0.92
1.787	0.787	1.000	component	1	NA	NA	NA	NA	NA	1	NA	NA	NA	NA
0.958	0.073	0.885	comus	8	NA	NA	NA	NA	NA	1	NA	NA	NA	NA
0.667	0.333	0.333	conifer	2	2012	91	476	167	6.19	1.22	20	1	0.10	1.00
0.917	0.542	0.375	contextmap	2	2015	63	41	29	1.93	2	NA	NA	0.92	0.00
1.250	0.500	0.750	contra	1	2012	125	254	29	1.81	2.08	NA	NA	0.56	0.04
1.091	0.727	0.364	contralign	2	2006	NA	103	60	2.50	2.01	NA	NA	0.55	0.00
0.395	0.155	0.240	controlfreec	3	2012	125	523	26	1.63	11.6	62	4	0.38	0.40
1.125	1.000	0.125	coprarna	1	2013	228	185	53	1.77	2.13	185	4	0.89	0.02
0.798	0.261	0.537	coral	8	2011	125	185	17	1.00	1	NA	NA	0.57	0.49
0.875	0.750	0.125	cortex	1	2012	180	577	89	3.56	1	NA	NA	0.38	0.33
0.912	0.350	0.562	cosine	5	2007	NA	156	62	1.22	1	NA	NA	0.75	0.13
1.167	0.500	0.667	crac	2	2013	114	77	28	1.87	1	NA	NA	0.55	0.09
0.709	0.638	0.071	crest	2	2011	151	457	78	2.79	1	NA	NA	0.31	0.31
1.750	0.750	1.000	crisp	1	2010	125	182	23	1.44	1	NA	NA	0.00	0.00
0.600	0.400	0.200	crispor	1	2016	114	691	33	2.20	1	54	1	0.50	1.00
1.500	0.800	0.700	crisprdo	1	2016	125	33	NA	NA	1	NA	NA	0.48	0.02
1.000	0.125	0.875	cromwell	2	2005	49	375	68	3.78	1	NA	NA	0.20	0.30
1.111	0.944	0.167	csblast	3	2009	228	197	57	2.04	2.23	79	1	0.76	0.00
0.714	0.714	0.000	cufflinks	1	2010	154	19148	66	2.87	2.21	1436	15	0.00	1.00
0.643	0.571	0.071	cushaw	1	2014	175	62	40	1.38	1	NA	NA	0.68	0.00
1.188	0.938	0.250	cwt	2	2006	125	637	43	1.87	1	NA	NA	0.75	1.00
1.100	0.900	0.200	dali	1	1993	125	5528	181	3.12	1	NA	NA	0.20	1.00
0.545	0.045	0.500	defuse	1	2011	84	475	64	3.76	1	NA	NA	0.08	0.70
1.031	0.659	0.371	delly	2	2012	125	1037	31	2.58	1.85	1128	6	0.42	0.72
1.571	1.000	0.571	dexseq	1	2012	91	1001	30	1.67	1	NA	NA	0.10	0.81
0.735	0.124	0.611	dialign	4	1998	125	491	42	1.75	1	NA	NA	0.23	0.02
0.556	0.222	0.333	dialignt	2	2005	63	206	42	1.75	1	NA	NA	1.00	0.00
0.681	0.319	0.361	dialigntx	3	2008	19	256	42	1.75	1	NA	NA	0.80	0.00
1.100	0.800	0.300	diamondmegan	1	NA	NA	NA	NA	NA	1	NA	NA	NA	NA
0.714	0.000	0.714	diffsplice	1	2013	219	134	NA	NA	1	NA	NA	0.71	0.23
1.536	0.917	0.619	diginormvelvet	2	2008	91	9256	124	3.57	1.21	400	11	0.00	0.87
0.774	0.310	0.464	dima	2	2012	NA	247	75	2.14	1	NA	NA	0.86	0.01
0.778	0.778	0.000	djigsaw	1	2001	39	702	65	1.59	1	NA	NA	0.80	0.12
0.750	0.250	0.500	downhillsimplex	2	1965	NA	145	NA	NA	1	NA	NA	0.00	0.00
1.319	0.447	0.872	dpt	1	2016	151	473	77	4.05	1	NA	NA	0.22	0.78
1.714	0.857	0.857	dsgseq	1	2013	59	54	NA	NA	1	NA	NA	0.61	0.16
1.750	1.000	0.750	dsk	1	2013	125	255	22	1.69	2.1	NA	NA	0.00	0.50
0.308	0.231	0.077	ebi	6	2014	219	138	13	1.00	1	NA	NA	0.74	0.07
0.833	0.833	0.000	echo	1	2011	91	144	NA	NA	1	NA	NA	0.67	0.05
1.000	0.778	0.222	ectools	2	2014	NA	74	63	3.94	1	64	1	0.43	0.06
1.432	0.911	0.521	edenanonstrict	3	2008	91	684	36	0.95	1	3	1	0.42	0.30
1.205	0.685	0.521	edenastrict	3	2008	91	684	36	0.95	1	3	1	0.43	0.44
1.188	0.625	0.562	edit	5	2007	NA	156	62	1.22	1	NA	NA	0.75	0.13
0.936	0.340	0.596	elpigraph	1	2020	58	3	39	1.95	1	213	5	1.00	0.00
1.298	0.574	0.723	elpigraphcycle	1	2020	58	3	39	1.95	1	213	5	1.00	0.00
1.404	0.638	0.766	elpigraphlinear	1	2020	58	3	39	1.95	1	213	5	1.00	0.00
1.426	0.809	0.617	embeddr	1	2015	NA	21	13	2.60	1	93	1	0.06	0.03
0.125	0.125	0.000	epimode	1	2009	87	123	33	1.43	1	NA	NA	0.00	0.02
1.133	0.663	0.469	erds	1	2012	85	91	122	4.36	1.1	NA	NA	0.42	0.06
1.370	0.571	0.799	ericscript	3	2012	125	96	22	2.20	1	12	2	0.23	0.22
0.727	0.000	0.727	erpin	2	2001	67	318	45	1.41	1	NA	NA	0.72	0.00
0.818	0.727	0.091	ersa	1	2014	87	52	33	2.54	2.1	NA	NA	0.78	0.16
1.500	1.000	0.500	exomecnv	1	2011	125	392	16	1.78	1.4	NA	NA	0.00	0.06
0.833	0.167	0.667	exomecopy	2	2011	13	68	23	2.56	1	NA	NA	0.00	0.00
1.169	0.409	0.760	fasta	7	1988	228	16649	51	1.11	36.38	466	2	0.00	0.42
0.727	0.364	0.364	fastlbd	1	2011	85	318	36	1.64	1	NA	NA	0.29	0.23
1.125	0.417	0.708	fastmnn	1	2018	154	521	64	4.00	1	86	1	0.94	0.11
1.667	0.667	1.000	fasttree	1	2009	77	2398	44	1.42	1	NA	NA	0.00	0.00
1.511	0.936	0.574	fateid	1	2018	151	97	27	1.80	1	20	1	0.62	0.15
0.816	0.735	0.082	fermikit	1	2015	125	73	53	3.31	1.13	69	2	0.74	0.04
0.639	0.583	0.056	fiona	2	2014	125	66	23	1.77	1	NA	NA	0.66	0.06
0.000	0.000	0.000	fisherexacttest	1	1922	48	2671	NA	NA	1	NA	NA	0.00	1.00
1.333	0.333	1.000	fisherz	2	2000	NA	7993	121	3.36	1	NA	NA	0.00	1.00
1.500	1.000	0.500	flashfry	1	2018	48	24	41	3.15	1.12	389	4	0.91	0.00
1.000	0.833	0.167	flye	1	2016	228	92	93	2.82	2.81	1702	11	0.00	0.04
1.333	0.389	0.944	fmlrc	2	2018	63	35	14	1.40	1	33	2	1.00	0.02
0.867	0.520	0.347	forestsv	1	2012	151	39	45	2.25	1	NA	NA	0.41	0.02
1.149	0.234	0.915	forks	1	2017	NA	3	33	1.22	1	NA	NA	0.44	0.00
1.875	0.938	0.938	freec	1	2011	125	245	26	1.63	5.7	62	4	0.50	0.31
1.403	0.669	0.734	fusioncatcher	3	2014	NA	150	16	0.89	1.2	398	4	0.64	0.30
0.818	0.182	0.636	fusionhunter	1	2011	125	94	36	2.12	1.4	1	1	0.09	0.12
1.571	0.571	1.000	fusionmap	1	2011	125	218	9	0.69	1	NA	NA	0.12	0.52
0.833	0.500	0.333	gassst	1	2010	125	102	29	0.88	1	NA	NA	1.00	0.00
0.714	0.184	0.531	gasvpro	1	2012	114	153	53	3.12	1.2	105	4	0.41	0.10
1.000	1.000	0.000	gatk	1	2010	91	13750	52	2.60	4.181	4195	93	0.00	1.00
0.750	0.400	0.350	genie	1	2010	175	787	19	0.90	3	13	1	0.00	0.91
1.010	0.571	0.439	genomestrip	1	2011	180	330	98	4.26	2.6	14478	22	0.31	0.22
0.846	0.385	0.462	genometa	6	2012	175	53	15	1.25	1	260	1	0.42	0.00
0.909	0.636	0.273	germline	1	2009	91	396	48	1.92	1	16	2	0.00	0.56
1.667	0.667	1.000	gojobori	1	1982	21	438	95	2.16	1	NA	NA	0.00	1.00
0.667	0.000	0.667	goldman	1	1996	67	152	57	1.78	1	NA	NA	1.00	0.00
0.071	0.000	0.071	gossamer	2	2011	125	140	18	0.69	1	26	2	0.63	0.00
0.987	0.425	0.562	gottcha	7	2015	219	108	64	2.91	1	21	2	0.96	0.03
0.298	0.191	0.106	gpfates	1	2017	50	144	89	3.87	1	15	2	0.44	0.22
0.340	0.170	0.170	grandprix	1	2019	125	17	1	0.33	1	77	2	0.81	0.02
1.200	0.300	0.900	greedyft	1	1993	NA	48451	54	1.35	1	NA	NA	0.00	1.00
1.276	0.750	0.526	gridss	2	2017	91	75	46	2.30	2.101	1967	11	0.92	0.04
1.350	1.000	0.350	grisl	1	2020	125	10	63	3.32	1	44	2	1.00	0.00
0.600	0.100	0.500	grnboost	1	2019	125	40	45	2.50	1.15	198	1	0.90	0.04
0.100	0.000	0.100	grnvbem	1	2018	125	41	6	0.60	1	34	1	0.80	0.04
1.111	0.667	0.444	gromrd	2	2015	65	17	19	0.63	1	NA	NA	0.66	0.00
0.689	0.532	0.158	gsnap	6	2010	125	1744	NA	NA	1	NA	NA	0.22	0.27
1.278	0.556	0.722	halc	2	2017	63	37	NA	NA	1	NA	NA	0.88	0.02
1.091	0.909	0.182	haploscore	1	2014	77	38	42	1.91	1	NA	NA	0.82	0.26
2.000	1.000	1.000	harmony	1	2019	151	249	93	3.88	1.1	148	6	1.00	0.05
0.875	0.650	0.225	heidge	8	NA	NA	NA	NA	NA	1	NA	NA	NA	NA
0.667	0.667	0.000	hhsearch	3	2005	125	2308	57	2.04	3.3	1352	20	0.48	0.31
1.104	0.146	0.958	hisat	4	2015	151	5941	144	3.79	2.21	1458	15	1.00	0.82
1.306	0.933	0.372	hitec	3	2011	125	164	28	1.08	1	NA	NA	0.79	0.23
1.091	0.545	0.545	hmmer	2	1998	125	5460	91	3.03	3.31	1746	8	0.47	0.45
0.056	0.000	0.056	hshrec	6	2010	125	132	17	1.00	1	NA	NA	0.00	0.00
1.077	0.217	0.860	hydra	2	2010	91	287	28	1.56	1	NA	NA	0.20	0.18
1.455	1.000	0.455	ibdseq	1	2013	85	15	43	2.15	1.1206	NA	NA	0.40	0.00
0.595	0.290	0.305	icopydav	3	2018	175	14	14	0.47	1	51	NA	1.00	0.00
0.889	0.222	0.667	idbatran	1	2013	125	146	44	0.98	1.13	31	5	0.33	0.01
1.167	1.000	0.167	idbaud	1	2012	125	1710	NA	NA	1	NA	NA	0.82	0.53
0.600	0.000	0.600	igtpduplossft	1	2010	63	81	27	1.17	1	NA	NA	1.00	0.00
1.778	0.778	1.000	inchworm	3	2011	154	10260	91	3.50	1	NA	NA	0.25	0.75
0.929	0.133	0.796	indelminer	1	2015	63	33	27	2.08	1.2	29	2	0.71	0.02
0.955	0.955	0.000	infernal	2	2002	63	305	91	3.03	1.13	1835	3	0.59	0.13
0.773	0.636	0.136	infusion	1	2016	175	21	103	2.34	1	NA	NA	0.80	0.02
1.622	0.898	0.724	ingapsv	1	2011	219	85	36	2.12	1	NA	NA	0.32	0.05
1.250	0.875	0.375	intarna	1	2008	125	442	53	1.77	3.2	999	5	0.33	0.57
1.944	1.000	0.944	jabba	2	2015	NA	16	17	1.21	1	42	2	0.61	0.00
0.286	0.286	0.000	jaffa	2	2015	71	78	43	2.15	1.09	100	2	1.00	0.11
0.727	0.273	0.455	jaffaassembly	1	2015	71	82	44	3.14	1.09	141	2	0.66	0.10
0.909	0.318	0.591	jaffadirect	1	2015	71	82	44	3.14	1.09	141	2	0.66	0.09
0.227	0.136	0.091	jaffahybrid	1	2015	71	82	44	3.14	1.09	141	2	0.66	0.09
1.403	0.542	0.861	kalign	4	2005	63	669	45	2.50	3.23	222	4	0.74	0.02
1.000	0.000	1.000	karect	1	2015	125	48	4	0.24	1	15	1	0.80	0.12
1.429	0.429	1.000	kart	1	2017	125	28	46	1.12	2.56	200	2	1.00	0.00
1.650	0.775	0.875	kbsps	5	2009	NA	10	NA	NA	1	NA	NA	1.00	0.00
0.500	0.250	0.250	khmer	1	2014	175	58	44	1.69	2.12	6672	74	0.25	0.05
0.909	0.000	0.909	king	1	2010	125	1019	49	1.88	1	NA	NA	0.14	0.31
0.500	0.500	0.000	kmergenie	1	2014	125	474	21	1.11	1.7051	NA	NA	0.25	1.00
0.500	0.000	0.500	kmerstream	1	2014	125	42	45	2.25	1.1	22	1	0.25	0.01
1.612	0.811	0.802	kraken	8	2014	114	1968	6	0.75	1.11	133	7	0.80	0.67
1.467	0.871	0.596	kthse	8	NA	NA	NA	NA	NA	1	NA	NA	NA	NA
1.250	0.917	0.333	last	2	2012	219	52	41	1.86	1	43	1	1.00	0.00
0.102	0.061	0.041	lasv	1	2015	219	18	99	3.81	1.03	38	1	0.71	0.01
1.500	0.600	0.900	leap	1	2017	125	42	113	3.14	1	NA	NA	0.70	0.04
0.825	0.725	0.100	leidnl	4	NA	NA	NA	NA	NA	1	NA	NA	NA	NA
1.208	0.917	0.292	liger	1	2018	NA	9	22	1.47	1	564	10	0.94	0.00
1.667	0.778	0.889	lighter	1	2014	114	178	29	2.64	1.12	225	5	0.70	0.30
0.917	0.000	0.917	limma	1	2003	59	2145	92	2.63	2.107	41	1	0.00	0.52
1.562	0.812	0.750	limpic	2	2007	63	135	53	2.21	1	NA	NA	1.00	0.05
0.970	0.555	0.415	lmat	7	2013	125	167	24	1.33	1.24	86	2	0.67	0.04
0.750	0.125	0.625	lms	2	2003	25	323	107	4.12	1	NA	NA	0.00	0.42
1.125	0.500	0.625	lofreq	1	2012	219	515	44	2.44	1	2505	5	1.00	0.02
1.056	0.389	0.667	lordec	2	2014	125	323	28	1.04	1	NA	NA	0.34	0.34
0.056	0.000	0.056	lsc	2	2012	175	276	82	2.22	1	NA	NA	0.00	0.29
0.800	0.000	0.800	lsqman	1	1996	43	676	NA	NA	1	NA	NA	0.59	0.06
1.444	0.939	0.505	lumpy	3	2014	114	682	40	3.08	1.31	572	16	0.59	0.50
1.625	1.000	0.625	mafft	1	2005	219	7191	33	1.27	7.471	NA	NA	0.65	0.08
1.389	0.448	0.941	mafftfftns	4	2005	219	7191	33	1.27	7.471	NA	NA	0.82	0.30
1.136	0.500	0.636	mafftginsi	2	2005	219	7191	33	1.27	7.471	NA	NA	0.54	0.76
1.378	0.889	0.490	mafftlinsi	4	2005	219	7191	33	1.27	7.471	NA	NA	0.84	0.35
1.342	0.922	0.420	manta	2	2016	125	465	8	0.44	1.6	2631	12	0.82	0.30
0.980	0.635	0.345	mapsplice	5	2010	219	946	NA	NA	3	32	3	0.00	0.59
1.000	0.500	0.500	maq	1	2008	91	3046	135	3.97	1	NA	NA	0.00	0.10
1.541	0.786	0.755	matchclip	1	2013	61	15	71	2.84	1	1	1	0.52	0.00
1.468	0.681	0.787	matcher	1	2017	114	41	45	1.36	1	NA	NA	0.44	0.06
0.714	0.286	0.429	mats	1	2012	219	251	52	3.06	1	NA	NA	0.12	0.16
1.408	0.786	0.622	meerkat	1	2013	269	271	102	5.10	1.189	NA	NA	0.53	0.17
0.779	0.465	0.314	megan	8	2007	91	2472	74	2.39	2	578	2	0.00	0.73
0.234	0.149	0.085	merlot	1	2019	219	10	56	2.00	1	212	4	0.81	0.01
0.900	0.400	0.500	metaflow	1	2016	23	13	34	1.70	1	NA	NA	1.00	0.00
1.342	0.605	0.736	metaphlan	7	2012	151	1097	96	4.80	3.03	381	6	0.54	0.34
0.466	0.216	0.250	metaphyler	8	2010	25	82	56	2.33	1	3	1	0.44	0.01
0.745	0.735	0.010	metasv	1	2015	125	90	30	2.14	1.54	740	6	0.72	0.05
1.333	0.333	1.000	methylkit	1	2012	114	741	59	3.28	1.992	996	14	0.99	0.18
1.000	0.667	0.333	methylsig	1	2014	125	138	NA	NA	1.994	164	3	1.00	0.00
0.894	0.511	0.383	mfa	1	2017	22	21	26	1.86	1	38	2	0.44	0.03
0.840	0.558	0.282	mgrast	8	2008	63	3051	62	2.58	1.23	4821	10	0.14	0.68
0.976	0.198	0.778	minia	3	2013	19	241	22	1.69	3.24	247	5	1.00	0.01
1.167	0.667	0.500	miniasmminipolish	1	2019	70	12	21	4.20	1.13	25	1	0.80	0.00
0.506	0.444	0.062	mira	20	2004	91	1051	11	0.48	1	NA	NA	0.00	0.05
0.500	0.333	0.167	mirdeep	1	2008	154	1048	73	2.21	2.13	77	2	0.00	1.00
0.667	0.000	0.667	mireap	1	2009	114	154	87	3.00	1	8	1	0.50	0.00
0.833	0.667	0.167	mirena	1	2010	125	149	NA	NA	1	NA	NA	1.00	0.00
2.000	1.000	1.000	mirexpress	1	2009	63	187	NA	NA	1	NA	NA	0.38	0.27
1.250	0.393	0.857	mlclustalw	2	NA	NA	NA	NA	NA	1	NA	NA	NA	NA
1.143	0.143	1.000	mlclustalwquicktree	1	NA	NA	NA	NA	NA	1	NA	NA	NA	NA
1.381	0.762	0.619	mlmafft	2	NA	NA	NA	NA	NA	1	NA	NA	NA	NA
1.571	0.714	0.857	mlmafftparttree	1	NA	NA	NA	NA	NA	1	NA	NA	NA	NA
0.857	0.429	0.429	mlmuscle	1	NA	NA	NA	NA	NA	1	NA	NA	NA	NA
0.286	0.000	0.286	mlopal	1	NA	NA	NA	NA	NA	1	NA	NA	NA	NA
0.714	0.571	0.143	mlprankgt	1	NA	NA	NA	NA	NA	1	NA	NA	NA	NA
1.000	0.100	0.900	mmdb	1	2016	128	52	46	2.09	1	2	2	0.50	0.05
0.375	0.083	0.292	mmdresnet	1	2017	125	75	58	1.87	1	145	2	0.88	0.02
0.500	0.333	0.167	mnncorrect	1	2018	154	521	64	4.00	1	86	1	0.94	0.12
0.519	0.222	0.296	modellerv	3	1993	67	12193	122	2.90	1	NA	NA	0.02	1.00
1.170	0.745	0.426	monocleddrtree	1	2017	151	688	51	3.92	3	1048	12	0.44	1.00
0.915	0.660	0.255	monocleica	1	2017	151	688	51	3.92	3	1048	12	0.44	1.00
1.145	0.617	0.528	mosaik	3	2014	175	266	15	1.00	1	488	1	1.00	0.00
0.000	0.000	0.000	mothur	1	2009	70	13895	61	3.05	1.443	3035	14	0.00	0.82
1.333	0.487	0.846	motu	6	2013	151	325	205	6.61	1	NA	NA	0.75	0.05
0.574	0.383	0.191	mpath	1	2016	273	56	36	1.33	1	3	1	0.26	0.08
1.357	0.429	0.929	mpest	1	2010	42	452	32	2.13	1	NA	NA	1.00	0.17
1.167	0.333	0.833	mpjclustalw	1	NA	NA	NA	NA	NA	1	NA	NA	NA	NA
0.667	0.167	0.500	mpsclustalw	1	NA	NA	NA	NA	NA	1	NA	NA	NA	NA
0.400	0.200	0.200	mrfast	1	2009	180	783	166	4.49	2.61	20	2	0.12	0.01
1.750	0.750	1.000	mrpml	1	1992	54	1095	61	1.36	1	NA	NA	0.00	1.00
1.000	0.250	0.750	mrpmp	1	1992	54	1095	61	1.36	1	NA	NA	0.00	1.00
1.100	0.675	0.425	mrsfast	2	2010	151	292	51	1.96	3.42	175	6	1.00	0.00
0.500	0.000	0.500	msinspect	2	2006	125	294	NA	NA	1	409	1	0.19	0.07
1.809	0.851	0.957	mst	1	NA	NA	NA	NA	NA	1	NA	NA	NA	NA
1.222	0.444	0.778	multalin	1	1988	219	5501	NA	NA	1	NA	NA	0.00	0.60
0.500	0.500	0.000	multinomiallrt	2	NA	NA	NA	NA	NA	1	NA	NA	NA	NA
1.186	0.390	0.795	muscle	7	2004	63	6239	38	2.11	3.831	NA	NA	0.67	0.33
1.000	0.250	0.750	musclemaxiters	1	2004	63	6239	38	2.11	1	NA	NA	0.76	0.06
1.333	0.889	0.444	musket	1	2013	125	227	40	1.60	1.06	NA	NA	0.23	0.52
1.500	0.667	0.833	mzmine	2	2006	125	715	78	2.89	2.53	5651	29	0.22	0.61
0.722	0.667	0.056	nanocorr	2	2015	91	309	92	2.42	1	13	1	0.59	0.33
0.889	0.667	0.222	nbc	3	2008	125	313	23	1.00	1	NA	NA	0.31	0.30
1.039	0.448	0.591	ncbiblast	7	1990	67	86880	48	1.37	2.1	NA	NA	0.07	1.00
0.667	0.333	0.333	necat	1	2020	NA	3	28	1.08	1.01	11	2	1.00	0.00
1.333	0.667	0.667	nest	1	2003	39	354	124	2.21	1	NA	NA	1.00	0.00
1.084	0.597	0.487	newbler	20	2005	376	9165	NA	NA	1	NA	NA	0.04	0.92
0.357	0.286	0.071	nextgenmap	1	2013	125	243	25	3.13	1.55	459	6	0.50	0.01
0.939	0.411	0.528	nfuse	3	2012	91	79	51	1.96	1	NA	NA	0.30	0.07
1.045	0.678	0.366	novoalign	7	NA	NA	NA	NA	NA	1	NA	NA	NA	NA
1.750	0.750	1.000	ntcard	1	2017	125	37	57	2.19	1.22	118	6	1.00	0.00
0.694	0.167	0.528	oases	4	2012	125	1340	34	2.13	1	114	3	0.92	0.04
0.458	0.208	0.250	olego	2	2013	219	117	35	2.50	1.15	72	1	0.60	0.01
0.347	0.133	0.214	oncosnpseq	1	2013	125	52	26	1.86	1	59	2	0.53	0.03
1.750	0.827	0.923	onecodex	6	NA	NA	NA	NA	NA	1.93	437	14	NA	NA
1.167	1.000	0.167	openms	2	2008	63	880	NA	NA	2.5	26280	69	1.00	0.70
0.064	0.021	0.043	ouija	1	2019	125	12	26	1.86	1	120	1	0.82	0.01
0.979	0.319	0.660	ouijaflow	1	2019	125	12	26	1.86	1	120	1	0.82	0.01
1.333	0.889	0.444	pacbiotoca	2	2012	154	917	45	2.50	8.3	NA	NA	0.00	1.00
1.660	0.915	0.745	paga	1	2019	114	146	77	4.05	1	23	1	0.82	0.21
1.681	0.979	0.702	pagatree	1	2019	114	146	77	4.05	1	23	1	0.82	0.21
0.000	0.000	0.000	pairfold	1	2005	67	150	45	1.32	1	NA	NA	0.11	0.00
1.011	0.136	0.875	paralign	4	2001	219	135	31	1.35	1	NA	NA	0.76	0.00
0.717	0.019	0.698	pass	2	2009	125	157	53	1.36	1	NA	NA	0.13	0.00
0.337	0.276	0.061	pbhoneyngm	1	2014	63	106	13	1.30	1	NA	NA	0.63	0.06
0.969	0.316	0.653	pbsv	1	NA	NA	NA	NA	NA	2.4	29	3	NA	NA
1.273	0.545	0.727	pcrelate	1	2016	85	151	30	2.73	1	NA	NA	1.00	0.18
1.277	0.723	0.553	pcreode	1	2018	63	81	18	1.00	1	103	3	0.64	0.12
0.643	0.480	0.163	penncnvseq	1	2007	91	1601	NA	NA	1.05	166	4	0.00	1.00
1.667	0.667	1.000	perm	1	2009	125	133	44	1.83	1	697	1	0.44	0.00
1.085	0.596	0.489	phenopath	1	2017	NA	2	26	1.86	1	62	5	0.46	0.00
1.389	0.889	0.500	phmmer	3	2011	219	3043	91	3.03	3.31	1746	8	1.00	0.23
1.200	0.300	0.900	phylonetft	1	2008	63	299	44	2.32	1	2	1	0.59	0.00
0.833	0.167	0.667	phylopythias	2	2007	151	540	64	2.76	1	NA	NA	0.00	1.00
0.500	0.300	0.200	phylosift	1	2014	65	445	41	2.28	1	1549	8	0.56	0.22
0.667	0.667	0.000	phymmbl	2	2009	151	519	NA	NA	1	NA	NA	0.58	0.95
0.300	0.200	0.100	phytocrispex	1	2016	63	35	23	0.92	1	NA	NA	0.50	0.02
1.200	0.400	0.800	pidc	1	2017	63	149	13	1.18	1	7	1	0.70	0.18
1.000	0.000	1.000	piler	2	2005	125	424	38	2.11	1	NA	NA	1.00	0.29
0.594	0.418	0.176	pindel	2	2009	125	1609	45	1.73	1	697	11	0.16	1.00
1.409	0.409	1.000	pizzly	1	2017	NA	4	66	2.87	1	33	2	0.91	0.00
1.273	0.273	1.000	plink	1	2015	51	3211	NA	NA	2.3	3582	13	0.86	1.00
0.736	0.042	0.694	poa	3	2002	125	765	NA	NA	1	NA	NA	0.67	0.01
0.750	0.500	0.250	pollux	2	2015	63	34	34	1.21	1.02	6	1	0.92	0.01
0.167	0.000	0.167	poy	1	NA	NA	65	73	2.09	1	NA	NA	NA	0.71
0.833	0.833	0.000	poystar	1	NA	NA	65	73	2.09	1	NA	NA	NA	0.83
1.200	0.200	1.000	ppcor	1	2015	10	335	NA	NA	1	NA	NA	0.50	0.42
0.909	0.364	0.545	prada	1	2014	125	133	179	8.95	1	NA	NA	0.52	0.14
1.119	0.375	0.744	pragcz	8	NA	NA	NA	NA	NA	1	NA	NA	NA	NA
0.273	0.000	0.273	prank	2	2005	228	877	20	1.05	1.170427	121	1	0.54	0.09
1.091	0.455	0.636	prestplus	1	2014	14	28	24	1.33	1	NA	NA	0.71	0.01
1.273	0.364	0.909	prime	2	2006	63	32	NA	NA	1.1	NA	NA	0.62	0.00
0.816	0.571	0.245	prism	1	2012	125	123	56	2.80	1.16	NA	NA	0.45	0.07
1.112	0.665	0.447	probalign	3	2006	125	234	14	0.74	1	NA	NA	0.64	0.02
1.039	0.860	0.179	probcons	7	2005	91	1273	59	2.46	1	NA	NA	0.74	0.07
1.333	1.000	0.333	probtree	1	2008	25	41	64	2.13	1	NA	NA	0.00	0.00
0.500	0.500	0.000	process	2	2005	NA	40	NA	NA	1	NA	NA	0.50	0.00
1.091	0.909	0.182	promals	2	2008	219	1011	NA	NA	1	NA	NA	0.77	0.10
0.556	0.222	0.333	proovread	2	2014	125	301	21	1.75	2.141	412	3	0.33	0.32
0.128	0.106	0.021	pseudogp	1	2016	84	51	26	1.86	1	43	3	0.29	0.07
2.000	1.000	1.000	pso	2	NA	NA	NA	NA	NA	1	NA	NA	NA	NA
0.225	0.225	0.000	pt	5	2006	NA	494	50	2.38	1	NA	NA	0.72	0.39
1.321	0.321	1.000	qiime	6	2010	151	21646	187	8.50	1.91	7718	54	0.38	1.00
1.250	0.750	0.500	qiimess	1	2010	151	21646	187	8.50	1.91	7718	54	0.17	1.00
0.646	0.363	0.283	qsra	3	2009	63	90	15	1.36	1	NA	NA	0.89	0.00
0.750	0.467	0.283	quake	2	2010	114	619	22	1.83	1	NA	NA	0.00	0.73
0.766	0.362	0.404	raceid_stemid	1	2016	114	260	94	3.92	1	5	1	0.29	0.38
0.667	0.111	0.556	racer	1	2013	125	86	28	1.08	1.01	15	3	0.33	0.10
1.167	0.167	1.000	raiphy	2	2011	63	85	NA	NA	1	NA	NA	1.00	0.00
1.122	0.347	0.776	raptr	1	2015	125	19	31	2.21	1.015	158	1	0.73	0.01
1.667	1.000	0.667	raven	1	2020	NA	0	17	0.94	1.22	57	2	1.00	0.00
1.091	0.818	0.273	ravenna	2	2006	125	117	49	1.04	1	NA	NA	1.00	0.00
1.333	1.000	0.333	raxml	1	2014	125	15106	59	2.81	8.212	421	6	0.67	0.67
1.000	0.333	0.667	raxmllimited	1	2014	125	15106	59	2.81	8.212	421	6	1.00	1.00
1.429	0.429	1.000	rdiffparam	1	2013	219	46	71	3.09	1	NA	NA	0.53	0.00
0.347	0.222	0.125	rdxplorer	3	2009	91	603	NA	NA	3.2	NA	NA	0.00	0.54
1.317	0.455	0.862	readdepth	4	2011	175	203	47	1.52	1	16	2	0.39	0.12
1.000	0.182	0.818	reap	1	2012	85	180	30	2.73	1	NA	NA	0.43	0.05
0.617	0.277	0.340	recat	1	2017	273	44	44	1.83	1	49	3	0.47	0.06
1.278	0.333	0.944	reckoner	1	2017	125	10	24	1.20	1	NA	NA	1.00	0.00
1.000	0.167	0.833	redbean	1	2020	151	144	53	3.31	2.5	435	6	1.00	0.07
0.818	0.818	0.000	refinedibd	1	2013	85	15	43	2.15	1.1206	NA	NA	0.48	0.00
0.636	0.091	0.545	relateadmix	1	2014	125	46	55	3.93	1	18	1	0.71	0.01
1.417	0.833	0.583	repeatfinder	2	2001	114	179	NA	NA	1	NA	NA	0.00	0.00
1.333	1.000	0.333	repeatgluer	1	2004	91	277	NA	NA	1	NA	NA	0.38	0.06
0.417	0.417	0.000	repeatscout	2	2005	125	1031	93	2.82	1	NA	NA	0.83	0.83
1.500	0.903	0.597	reptile	6	2010	125	172	40	2.11	1	NA	NA	0.00	0.27
0.310	0.103	0.206	rmap	3	2009	125	188	45	2.37	2.1	397	7	0.32	0.00
0.750	0.125	0.625	rnacofold	1	2006	19	256	32	2.00	1	NA	NA	0.22	0.05
0.500	0.250	0.250	rnaduplex	1	2011	19	2399	69	2.3	1	NA	NA	0.78	1.00
1.125	0.375	0.750	rnahybrid	1	2004	47	2081	22	1.00	1	NA	NA	0.00	0.89
1.562	0.625	0.938	rnaplex	1	2008	125	267	69	2.30	1	NA	NA	0.39	0.15
1.250	0.750	0.500	rnaup	1	2006	125	352	69	2.30	1	NA	NA	0.13	0.34
1.045	0.955	0.091	rsearch	2	2003	63	306	91	3.03	1	NA	NA	0.70	0.21
1.056	0.500	0.556	rsicnv	2	2014	25	5	NA	NA	1	1	1	0.56	0.00
0.273	0.091	0.182	rsmatch	2	2005	63	92	53	2.65	1	NA	NA	0.94	0.00
0.688	0.125	0.562	rswseg	1	2010	63	54	101	5.05	1	NA	NA	0.33	0.00
0.875	0.667	0.208	rum	2	2011	125	357	49	1.69	2.0506	1530	3	0.20	0.03
1.091	0.727	0.364	sam	2	1995	125	641	31	0.94	3.5	NA	NA	0.25	0.15
1.167	0.944	0.222	sate	2	2011	62	323	39	1.18	2	NA	NA	0.20	0.00
1.208	0.667	0.542	scanorama	1	2019	154	116	69	2.23	1.7	182	5	1.00	0.03
0.833	0.750	0.083	scgen	1	2018	NA	8	77	4.05	1.13	295	4	0.94	0.00
0.000	0.000	0.000	scimitar	1	2017	25	11	82	3.57	1	34	1	0.48	0.01
1.000	0.583	0.417	scmerge	1	2019	228	37	46	2.00	1.9923	251	5	1.00	0.01
1.500	0.900	0.600	scode	1	2017	125	92	NA	NA	1	11	1	0.70	0.11
1.851	0.957	0.894	scorpius	1	2016	NA	23	49	2.45	1.07	329	3	0.31	0.03
0.106	0.043	0.064	scoup	1	2016	63	28	NA	NA	1	11	1	0.32	0.04
0.600	0.400	0.200	scribe	1	2018	NA	13	51	3.92	1	32	3	0.80	0.00
0.830	0.532	0.298	scuba	1	2014	228	203	53	2.52	1	40	2	0.00	0.29
1.889	0.944	0.944	scwrl	1	2003	43	1220	59	1.90	4	NA	NA	1.00	0.07
1.889	0.944	0.944	scwrlcons	1	2003	43	1220	59	1.90	4	NA	NA	1.00	0.07
1.077	1.000	0.077	segemehl	1	2009	84	496	NA	NA	1	NA	NA	0.18	0.02
1.222	0.444	0.778	segmodencad	1	1992	67	712	93	1.82	1	NA	NA	0.00	0.03
0.714	0.571	0.143	seqgsea	1	2014	125	50	48	1.78	3.3	67	6	1.00	0.00
0.697	0.384	0.312	seqman	20	NA	NA	NA	NA	NA	1	NA	NA	NA	NA
0.429	0.286	0.143	seqmap	1	2008	125	471	82	2.22	1	NA	NA	0.00	0.01
1.292	0.667	0.625	seurat	2	2018	154	2717	44	3.14	3.23	5091	66	0.94	0.65
0.702	0.563	0.139	sga	2	2012	91	743	135	3.97	1	1685	23	0.37	0.63
0.500	0.500	0.000	sgrnascorer	1	2017	57	87	35	2.19	2	NA	NA	0.75	0.10
0.778	0.333	0.444	shannon	1	2016	NA	23	83	2.86	1	250	5	0.67	0.00
1.062	0.500	0.562	sharcgs	1	2007	91	357	NA	NA	1	NA	NA	0.00	0.25
1.000	0.000	1.000	shasta	1	2020	154	15	44	2.93	1.51	2266	9	1.00	0.01
0.838	0.703	0.135	shrimp	4	2009	84	674	54	2.57	2	585	3	0.31	0.02
0.250	0.250	0.000	simulatedannealing	2	1988	NA	5359	50	1.25	1	NA	NA	0.67	0.67
0.872	0.404	0.468	sincell	1	2015	125	45	16	0.94	1	41	9	0.17	0.06
1.400	0.700	0.700	sincerities	1	2018	125	50	30	1.50	1	33	1	0.80	0.05
0.800	0.800	0.000	singe	1	2019	NA	10	NA	NA	1.41	461	2	0.90	0.00
1.800	0.800	1.000	sl	5	2006	NA	357	27	1.22	1	NA	NA	0.70	0.17
0.979	0.702	0.277	slice	1	2017	219	72	41	2.41	1	13	3	0.50	0.10
0.660	0.128	0.532	slicer	1	2016	114	121	45	1.36	1	37	2	0.33	0.17
1.809	1.000	0.809	slingshot	1	2018	74	236	57	2.71	1	487	5	0.67	0.34
1.615	0.769	0.846	smalt	1	NA	NA	0	NA	NA	1	NA	NA	NA	0.00
1.308	0.308	1.000	snap	1	2011	NA	155	50	3.13	1	521	1	0.58	0.01
1.816	0.816	1.000	sniffles	1	2018	151	370	63	3.94	1.012	181	5	1.00	0.23
1.250	0.500	0.750	snpruler	1	2010	125	158	30	0.77	1	NA	NA	1.00	0.13
0.875	0.250	0.625	snver	1	2011	219	246	41	2.28	1	NA	NA	0.50	0.00
1.117	0.274	0.843	soap	26	2008	125	2264	NA	NA	1	NA	NA	0.18	0.28
1.295	0.464	0.830	soapdenovo	3	2010	91	3074	40	1.29	2.41	50	7	1.00	0.33
1.506	0.567	0.939	soapec	6	2010	91	2636	NA	NA	1	NA	NA	0.00	1.00
1.045	0.727	0.318	soapfuse	1	2013	114	143	25	2.08	1	NA	NA	0.38	0.15
0.667	0.458	0.208	soapsplice	2	2011	61	131	53	2.04	1.1	NA	NA	0.20	0.01
1.200	0.600	0.600	soapstar	1	2009	125	3292	NA	NA	1	NA	NA	1.00	0.11
1.667	0.667	1.000	soaptrans	1	2014	125	693	66	2.06	1.04	5	1	0.44	0.06
1.258	0.412	0.846	socrates	2	2014	125	74	46	2.30	1	NA	NA	0.67	0.03
1.041	0.633	0.408	softsearch	1	2013	175	48	57	1.90	1	NA	NA	0.55	0.03
1.184	0.878	0.306	softsv	1	2016	65	32	NA	NA	1	NA	NA	0.82	0.02
0.633	0.041	0.592	solodel	1	2015	125	4	39	1.39	1	NA	NA	0.73	0.00
0.977	0.763	0.214	spades	21	2012	23	9876	19	1.00	3.141	13038	47	0.99	1.00
1.667	0.778	0.889	spadesrna	1	2019	51	61	9	1.13	3.141	13038	47	1.00	0.00
1.333	0.556	0.778	spadessc	1	2012	23	9876	19	1.00	3.141	13038	47	0.22	0.95
0.667	0.167	0.500	sparse	1	2012	63	137	56	2.33	1	NA	NA	0.80	0.00
1.548	0.690	0.857	sparseassembler	2	2012	63	137	56	2.33	1	NA	NA	0.80	0.00
0.429	0.143	0.286	spcomp	1	2013	125	58	NA	NA	1	6	1	0.75	0.01
0.333	0.333	0.000	specarray	2	2005	59	227	NA	NA	1	NA	NA	0.00	0.06
1.541	0.969	0.571	sprites	1	2016	125	16	45	2.25	1.3	132	1	0.82	0.01
0.525	0.275	0.250	spt	5	2007	NA	45	39	1.77	1	NA	NA	0.80	0.03
0.769	0.038	0.731	srmapper	1	2012	125	21	NA	NA	1	NA	NA	0.76	0.00
0.628	0.457	0.171	ssaha	3	2001	91	1158	92	2.88	1	NA	NA	0.00	0.04
0.807	0.429	0.378	ssake	3	2007	125	625	34	1.48	4	61	1	0.00	0.52
0.400	0.400	0.000	ssap	1	1989	67	863	82	2.65	1	NA	NA	0.00	0.11
1.600	0.600	1.000	ssc	1	2015	91	340	108	2.35	1	NA	NA	0.25	0.48
0.966	0.648	0.318	ssearch	4	1991	32	681	51	1.11	36.38	466	2	0.22	0.02
1.200	0.200	1.000	ssm	1	2003	NA	66	51	1.06	1	NA	NA	1.00	0.00
0.263	0.138	0.125	sst	5	2001	198	1129	57	2.28	1	NA	NA	0.00	1.00
0.738	0.362	0.375	st	5	2004	NA	439	126	3.82	1	NA	NA	0.40	0.39
1.250	0.792	0.458	star	2	2013	125	15081	34	1.42	2.77	977	31	0.60	1.00
1.286	0.857	0.429	starbeast	1	2010	77	2209	21	1.62	1	NA	NA	1.00	1.00
1.500	0.545	0.955	starchip	1	2018	125	14	12	1.00	1.3	66	1	1.00	0.01
1.818	1.000	0.818	starfusion	1	2017	NA	62	NA	NA	1.91	557	6	0.88	0.06
1.773	0.909	0.864	starseqr	1	2018	NA	1	13	1.44	1.67	336	1	1.00	0.00
1.596	0.766	0.830	stemnet	1	2017	111	367	67	2.31	1	11	2	0.50	0.53
1.500	0.900	0.600	strcutal	1	1993	111	221	93	1.82	1	NA	NA	0.29	0.03
1.167	0.333	0.833	subread	2	2013	219	1497	40	1.90	2.01	NA	NA	0.60	0.10
0.816	0.429	0.388	sv	1	NA	NA	NA	45	2.05	1	12	1	NA	NA
1.224	0.735	0.490	svaba	1	2018	91	101	124	4.96	1.1	425	3	1.00	0.06
0.827	0.316	0.510	svdetect	1	2010	125	210	6	0.46	1.7	NA	NA	0.27	0.13
1.051	0.612	0.439	svelter	1	2016	114	30	43	2.53	1.12	191	2	0.82	0.02
0.857	0.184	0.673	svfinder	1	2014	16	15	47	2.14	1	9	1	0.64	0.01
1.255	0.929	0.327	svseq	1	2012	63	72	13	1.44	2.2	NA	NA	0.45	0.04
0.444	0.222	0.222	swissmodel	1	2003	219	5680	55	2.62	1	NA	NA	1.00	0.45
1.652	0.869	0.783	taipan	3	2009	125	67	40	1.38	1	NA	NA	0.67	0.00
1.438	0.500	0.938	targetrna	1	2008	219	152	24	1.26	1	NA	NA	0.41	0.00
0.474	0.244	0.231	taxatortk	6	2015	125	78	47	2.76	1.33	155	2	1.00	0.00
0.748	0.688	0.060	tcoffee	7	2000	67	7084	50	1.92	13.45	1610	15	0.51	0.21
0.625	0.125	0.500	team	1	2010	125	176	NA	NA	1	NA	NA	1.00	0.18
1.490	0.571	0.918	tiddit	1	2017	70	37	21	1.75	2.12	391	4	0.91	0.02
1.000	0.462	0.538	tmap	1	NA	NA	NA	NA	NA	5.121	1659	5	NA	NA
0.333	0.000	0.333	tophat	2	2013	114	9656	9	1.00	2.1	4353	6	0.60	0.64
0.766	0.500	0.266	tophatfusion	3	2011	114	642	9	1.00	2.11	4353	6	0.15	0.67
0.766	0.553	0.213	topslam	1	2016	NA	16	NA	NA	1	93	1	0.33	0.02
1.000	0.750	0.250	transabyss	4	2010	151	879	57	2.19	2.01	105	3	0.00	0.04
0.528	0.472	0.056	trinity	4	2011	154	10350	91	3.50	2.11	1550	29	0.28	1.00
0.955	0.773	0.182	trinityfusionc	1	NA	NA	NA	NA	NA	1.35	40	1	NA	NA
0.455	0.455	0.000	trinityfusiond	1	NA	NA	NA	NA	NA	1.35	40	1	NA	NA
0.727	0.682	0.045	trinityfusionuc	1	NA	NA	NA	NA	NA	1.35	40	1	NA	NA
1.745	0.894	0.851	tscan	1	2016	219	262	35	1.75	1	67	1	0.33	0.38
0.900	0.300	0.600	tuscan	1	2018	13	20	19	1.27	1	29	3	1.00	0.00
0.333	0.000	0.333	ublast	3	2010	125	13356	37	2.06	11	NA	NA	0.95	0.15
1.286	0.663	0.622	ulysses	1	2015	125	15	25	1.00	1	NA	NA	0.73	0.01
0.338	0.338	0.000	upmes	4	NA	NA	NA	NA	NA	1	NA	NA	NA	NA
0.617	0.255	0.362	urd	1	2018	356	246	99	3.30	1.11	199	3	0.67	0.36
1.333	0.333	1.000	usearch	3	2010	125	13356	37	2.06	11	NA	NA	0.95	0.15
1.316	0.398	0.918	variationhunter	1	2009	91	366	166	4.49	1	NA	NA	0.18	0.23
0.583	0.417	0.167	varscan	3	2012	91	2900	NA	NA	2.43	10	1	0.87	0.92
0.137	0.137	0.000	vcake	3	2007	125	333	15	1.15	1	NA	NA	0.00	0.21
1.166	0.381	0.785	velvet	26	2008	91	9101	124	4.43	1.21	400	12	0.23	0.94
1.170	0.489	0.681	wanderlust	1	2014	269	621	102	2.83	1	NA	NA	0.00	0.90
1.766	0.830	0.936	waterfall	1	2015	114	497	92	3.54	1	NA	NA	0.17	0.72
1.704	0.857	0.847	wham	1	2015	84	46	64	2.13	1.8	644	9	0.73	0.03
1.106	0.468	0.638	wishbone	1	2014	269	621	102	2.83	1	NA	NA	0.00	0.90
0.000	0.000	0.000	wmrpmp	1	1996	62	86	63	2.03	1	NA	NA	0.43	0.00
0.333	0.333	0.000	woodhams	1	NA	NA	NA	NA	NA	1	NA	NA	NA	NA
1.148	0.420	0.727	wublast	4	2003	219	159	23	0.61	1	NA	NA	0.87	0.00
1.300	0.900	0.400	wucrispr	1	2015	114	143	38	1.73	1	12	1	0.20	0.35
1.167	0.833	0.333	xalign	2	2005	125	101	37	1.42	1	NA	NA	0.00	0.00
1.000	0.333	0.667	xcmswithcorrection	2	2006	110	3168	87	2.81	1	NA	NA	0.33	1.00
1.333	0.333	1.000	xcmswithoutretentiontime	2	2006	110	3168	87	2.81	1	NA	NA	0.33	1.00
0.881	0.321	0.560	zema	2	NA	NA	NA	NA	NA	1	NA	NA	NA	NA
0.250	0.250	0.000	zinbwave	1	2018	273	229	63	3.15	1.12	NA	NA	0.94	0.05
